RKY,DATE,TIME,RACE,SEX,AGE,RESISTANCE_LEVEL,FORCE_LEVEL,PHYSICAL,F6INONE,PRESSURE_POINT,COME_ALONG,ACTIVE_COUNTERMEASURE,SHOULDER_PIN,OC_SPRAY,FIREARM,HANDCUFFS,BATON,TASER,K_9,OFFICER_INJURED_NO_MED_REQ,OFFICER_INJURED_MED_REQ,SUSPECT_OINJURED_NO_MED,SUSPECT_INJURED_MED_REQ,FID,ObjectId
C0004709,2020/07/01 00:00:00+00,1526,W,M,37,E,G,,,,X,,,,,X,,X,,N,,N,Y,,1
C0-025077,2020/03/24 00:00:00+00,2130,W,M,22,D,C,,,,X,,,,,X,,,,N,,Y,N,,2
C0-119686,2020/12/31 00:00:00+00,1945,W,M,64,D,C,,,,X,,,,,X,,,,N,,Y,Y,,3
C0-119686,2020/12/31 00:00:00+00,1945,W,M,64,D,C,,,,X,,,,,X,,,,N,,Y,Y,,4
C0-119058,2020/12/29 00:00:00+00,2337,I,M,40,D,G,,,,,,,X,,,,,,N,,Y,Y,,5
C0-119058,2020/12/29 00:00:00+00,2337,I,M,40,D,G,,,,,,,X,,,,,,N,,Y,Y,,6
C0-119058,2020/12/29 00:00:00+00,2337,I,M,40,D,G,,,,,,,,,,,,X,N,,Y,Y,,7
C0-117217,2020/12/22 00:00:00+00,2314,W,M,37,D,D,,,,X,,,,,X,,,,N,,N,N,,8
C0-115955,2020/12/18 00:00:00+00,1830,,,0,,Z,,,,,,,,X,,,,,,,,,,9
C0-115951,2020/12/18 00:00:00+00,1808,B,M,36,E,G,,,,X,,,,,X,,X,,Y,N,Y,Y,,10
C0-115951,2020/12/18 00:00:00+00,1808,W,F,38,E,D,,,X,X,,,,,,,,,Y,,Y,N,,11
C0-114822,2020/12/14 00:00:00+00,1753,W,M,41,D,C,,,,X,,,,,X,,,,N,,Y,N,,12
C0-114822,2020/12/14 00:00:00+00,1753,W,M,41,D,C,,,,X,,,,,X,,,,N,,Y,N,,13
C0-114822,2020/12/14 00:00:00+00,1753,W,M,46,D,C,,,,X,,,,,X,,,,N,,Y,N,,14
C0-112424,2020/12/06 00:00:00+00,1805,,,0,,Z,,,,,,,,X,,,,,,,,,,15
C0-111583,2020/12/04 00:00:00+00,534,W,F,42,D,C,,,,X,,,,,X,,,,N,N,N,N,,16
C0-111215,2020/12/02 00:00:00+00,2234,W,M,32,F,G,,,,,,,,,X,,X,,N,,Y,Y,,17
C0-110862,2020/12/01 00:00:00+00,2006,B,M,28,E,G,,,,X,,,,,X,,X,,N,,N,Y,,18
C0-109874,2020/11/28 00:00:00+00,1907,,,0,,Z,,,,,,,,X,,,,,,,,,,19
C0-109817,2020/11/28 00:00:00+00,1515,W,F,68,D,C,,,,X,,,,,X,,,,Y,N,Y,Y,,20
C0-109294,2020/11/26 00:00:00+00,1428,W,F,31,D,D,,,,X,,,,,,,,,N,,Y,N,,21
C0-106799,2020/11/17 00:00:00+00,2119,,,0,,Z,,,,,,,,X,,,,,,,N,N,,22
C0-106255,2020/11/16 00:00:00+00,318,U,M,27,E,G,,,,,,,,,,,X,,N,,N,Y,,23
C0-106008,2020/11/14 00:00:00+00,2330,W,M,38,E,G,,,,X,,,,,,,X,,N,,Y,Y,,24
C0-106008,2020/11/14 00:00:00+00,2330,W,M,38,E,G,,,,X,,,,,X,,X,,N,,Y,Y,,25
C0-102323,2020/11/03 00:00:00+00,1558,W,M,25,E,D,,,,X,,,,,X,,,,Y,Y,N,Y,,26
C0-102323,2020/11/03 00:00:00+00,1558,W,M,25,E,D,,,,X,,,,,X,,,,Y,Y,N,Y,,27
C0-101476,2020/10/31 00:00:00+00,0,W,M,50,B,D,,,,X,,,,,X,,,,N,,N,N,,28
C0-099890,2020/10/27 00:00:00+00,2232,W,M,27,E,G,,,,,,,,,X,,X,,N,,Y,Y,,29
C0-099576,2020/10/26 00:00:00+00,2159,W,F,24,D,D,,,,X,,,,,,,,,N,,N,N,,30
C0-099392,2020/10/26 00:00:00+00,901,H,M,16,E,D,,,,X,,,,,X,,,,Y,N,N,N,,31
C0-099259,2020/10/25 00:00:00+00,1956,W,M,27,E,G,,,,X,,,,,X,,X,,Y,N,Y,Y,,32
C0-098942,2020/10/24 00:00:00+00,2108,,,0,,Z,,,,,,,,X,,,,,,,,,,33
C0-098234,2020/10/22 00:00:00+00,1051,W,F,40,E,C,,,,X,,,,,X,,,,Y,Y,N,N,,34
C0-096110,2020/10/15 00:00:00+00,1020,W,M,23,E,D,,,,X,,,,,X,,,,N,,N,N,,35
C0-095979,2020/10/14 00:00:00+00,1958,I,F,34,D,C,,,,X,,,,,X,,,,N,,Y,N,,36
C0-095266,2020/10/12 00:00:00+00,2015,W,M,19,D,D,,,,X,,,,,X,,,,Y,N,Y,Y,,37
C0-095068,2020/10/12 00:00:00+00,1915,W,M,19,D,C,,,,X,,,,,,,,,Y,Y,N,,,38
C0-094959,2020/10/11 00:00:00+00,2324,W,M,43,E,G,,,,,,,,,X,,X,,N,,Y,Y,,39
C0-094619,2020/10/11 00:00:00+00,106,W,M,25,E,C,,,,X,,,,,X,,,,Y,N,N,N,,40
C0-094602,2020/10/11 00:00:00+00,29,W,M,38,E,D,,,,X,,,,,X,,,,N,,N,N,,41
C0-094602,2020/10/11 00:00:00+00,29,B,F,26,D,D,,,,,,,,,X,,,,N,,N,N,,42
C0-094188,2020/10/10 00:00:00+00,1916,H,M,29,F,G,,,,X,,,,,X,,,,N,,Y,Y,,43
C0-094188,2020/10/10 00:00:00+00,1916,H,M,29,F,G,,,,X,,,,,X,,,,N,,Y,Y,,44
C0-094188,2020/10/10 00:00:00+00,1916,H,M,29,F,G,,,,X,,,,,X,,,,N,,Y,Y,,45
C0-094188,2020/10/10 00:00:00+00,1916,H,M,29,F,G,,,,X,,,,,X,,X,,N,,Y,Y,,46
C0-094188,2020/10/10 00:00:00+00,1916,H,M,29,F,G,,,,X,,,,,X,,X,,N,,Y,Y,,47
C0-093544,2020/10/07 00:00:00+00,2114,I,F,24,E,C,,,,X,,,,,X,,,,N,,Y,N,,48
C0-093544,2020/10/07 00:00:00+00,2114,I,F,24,E,D,,,,X,,,,,X,,,,N,,Y,N,,49
C0-093471,2020/10/07 00:00:00+00,1710,W,M,41,D,D,,,,X,,,,,X,,,,N,,Y,N,,50
C0-091895,2020/10/02 00:00:00+00,1822,W,M,28,D,D,,,,X,,,,,X,,,,Y,Y,N,,,51
C0-024486,2020/03/19 00:00:00+00,1048,B,M,22,F,G,,,,,,,,,X,,X,,N,,N,Y,,52
C0-023626,2020/03/16 00:00:00+00,1600,,,0,,Z,,,,,,,,X,,,,,N,,,,,53
C0-022974,2020/03/14 00:00:00+00,104,B,M,18,E,D,,,,X,,,X,,X,,,,N,,Y,Y,,54
C0-021607,2020/03/09 00:00:00+00,1624,H,M,52,E,C,,,,X,,,,,X,,,,Y,N,N,N,,55
C0-021161,2020/03/08 00:00:00+00,729,,,0,,Z,,,,,,,,X,,,,,N,,,,,56
C0-020979,2020/03/07 00:00:00+00,1705,W,M,26,D,D,,,,X,,X,,,X,,,,Y,N,N,N,,57
C0-020190,2020/03/05 00:00:00+00,1603,W,M,37,C,G,,,,,,,,,X,,,,Y,Y,N,N,,58
C0-019160,2020/03/02 00:00:00+00,1458,H,M,19,E,G,,,,X,,,,,X,,X,,N,,N,Y,,59
C0-018973,2020/03/02 00:00:00+00,16,B,M,36,D,D,,,X,X,,,X,,X,,,,N,,Y,N,,60
C0-018706,2020/03/01 00:00:00+00,227,W,M,23,E,C,,,,X,,,,,X,,,,N,,Y,N,,61
C0-018666,2020/03/01 00:00:00+00,21,,,0,,Z,,,,,,,,X,,,,,N,,,,,62
C0-017601,2020/02/27 00:00:00+00,154,W,M,18,D,D,,,,X,,,,,X,,,,N,,Y,N,,63
C0-017017,2020/02/25 00:00:00+00,1059,W,M,21,C,C,,,,X,,,,,,,,,N,,Y,Y,,64
C0-016629,2020/02/24 00:00:00+00,356,B,M,18,D,C,,,X,X,,,,,X,,,,Y,N,N,N,,65
C0-015594,2020/02/20 00:00:00+00,27,B,F,20,D,D,,,,X,,,,,X,,,,N,Y,Y,N,,66
C0-015385,2020/02/20 00:00:00+00,1150,W,M,26,B,C,,,,X,,,,,X,,,,N,,N,Y,,67
C0-015385,2020/02/20 00:00:00+00,1150,W,M,26,C,C,,,,X,,,,,X,,,,,,N,Y,,68
C0-014957,2020/02/18 00:00:00+00,2057,W,M,29,,G,,,,X,,,,,X,,X,,N,,N,Y,,69
C0-014666,2020/02/18 00:00:00+00,27,W,F,28,E,C,,,,X,,,,,X,,,,N,,Y,Y,,70
C0-014666,2020/02/18 00:00:00+00,27,W,F,28,D,D,,,,X,,,,,X,,,,N,,Y,Y,,71
C0-012762,2020/02/11 00:00:00+00,1626,B,M,31,D,C,,,,X,,,,,X,,,,Y,N,Y,N,,72
C0-012539,2020/02/10 00:00:00+00,2357,B,M,23,E,C,,,X,,,,,,X,,,,Y,N,N,N,,73
C0-012491,2020/02/10 00:00:00+00,2021,W,M,34,E,C,,,X,X,,,,,X,,,,Y,N,Y,N,,74
C0-012491,2020/02/10 00:00:00+00,2021,W,M,34,E,C,,,X,X,,,,,X,,,,Y,N,Y,N,,75
C0-011962,2020/02/09 00:00:00+00,132,B,F,22,E,D,,,,,,,X,,,,,,N,,N,N,,76
C0-011962,2020/02/09 00:00:00+00,132,B,F,22,E,D,,,,,,,X,,X,,,,N,,N,N,,77
C0-010925,2020/02/05 00:00:00+00,2330,W,M,20,D,C,,,,X,,,,,,,,,N,,Y,N,,78
C0-010925,2020/02/05 00:00:00+00,2330,W,M,20,D,C,,,,X,,,,,,,,,N,,Y,N,,79
C0-010925,2020/02/05 00:00:00+00,2330,W,M,20,D,C,,,,X,,,,,,,,,N,,Y,N,,80
C0-010925,2020/02/05 00:00:00+00,2330,W,M,20,D,C,,,,X,,,,,,,,,N,,Y,N,,81
C0-009694,2020/02/02 00:00:00+00,105,,M,0,,Z,,,,,,,,X,,,,,N,,,,,82
C0-009685,2020/02/02 00:00:00+00,30,I,F,37,D,C,,,,X,,,,,X,,,,Y,N,N,N,,83
C0-008984,2020/01/30 00:00:00+00,2047,W,F,32,E,C,,,,X,,,,,X,,,,Y,N,Y,N,,84
C0-008940,2020/01/30 00:00:00+00,1755,A,M,41,F,G,,,,,,,,,X,,X,,N,,N,Y,,85
C0-008940,2020/01/30 00:00:00+00,1755,A,M,41,F,G,,,,,,,X,,X,,,,N,,N,Y,,86
C0-008302,2020/01/28 00:00:00+00,1821,W,M,19,E,D,,,,X,,,,,X,,,,Y,Y,N,N,,87
C0-008069,2020/01/28 00:00:00+00,37,B,M,21,D,G,,,,X,,,,,X,,X,,Y,N,Y,Y,,88
C0-008069,2020/01/28 00:00:00+00,37,B,M,21,D,G,,,,,,,,,X,,X,,Y,N,Y,Y,,89
C0-005408,2020/01/19 00:00:00+00,1436,W,M,31,E,G,,,,X,,,,,X,,X,,N,,N,Y,,90
C0-003802,2020/01/14 00:00:00+00,447,A,M,26,E,G,,,,X,,,,,X,,X,,Y,N,Y,Y,,91
C0-003802,2020/01/14 00:00:00+00,447,A,M,26,E,D,,,,X,,,,,X,,,,Y,N,Y,Y,,92
C0-003464,2020/01/13 00:00:00+00,110,W,M,20,D,D,,,X,X,,,,,X,,,,N,,N,N,,93
C0-003380,2020/01/12 00:00:00+00,1737,W,M,27,C,C,,,,X,,,,,X,,,,N,,Y,Y,,94
C0-002627,2020/01/10 00:00:00+00,2305,B,F,20,E,C,,,,,,,,,X,,,,Y,N,N,N,,95
C0-002262,2020/01/08 00:00:00+00,2153,W,M,44,E,G,,,,X,,,,,X,,,,N,,Y,Y,,96
C0-002262,2020/01/08 00:00:00+00,2153,W,M,44,E,G,,,,X,,,,,X,,X,,N,,Y,Y,,97
C0-002262,2020/01/08 00:00:00+00,2153,W,M,44,E,G,,,,X,,,,,X,,X,,N,,Y,Y,,98
C0-001696,2020/01/06 00:00:00+00,2358,W,M,24,D,C,,,X,X,,,,,X,,,,Y,N,Y,N,,99
C0-001269,2020/01/05 00:00:00+00,1156,W,M,34,E,D,,,,X,,,,,X,,,,Y,N,N,,,100
C0-056300,2020/06/23 00:00:00+00,2028,W,M,39,D,C,,,,X,,,,,X,,,,N,,N,N,,101
C0-056005,2020/06/23 00:00:00+00,1701,B,M,57,D,C,,,,X,,,,,X,,,,Y,N,Y,Y,,102
C0-055579,2020/06/21 00:00:00+00,1908,W,M,39,D,G,,,,,,,,,X,,X,,N,,N,Y,,103
C0-052709,2020/06/13 00:00:00+00,252,B,F,49,E,D,,,,X,,,,,X,,,,N,,Y,N,,104
C0-052709,2020/06/13 00:00:00+00,252,B,M,51,E,D,,,,X,,,,,X,,,,Y,Y,Y,Y,,105
C0-052709,2020/06/13 00:00:00+00,252,B,M,51,E,G,,,,,,,,,X,,X,,Y,Y,N,Y,,106
C0-052689,2020/06/13 00:00:00+00,139,W,M,22,E,D,,,,,,,X,,X,,,,N,,Y,N,,107
C0-052689,2020/06/13 00:00:00+00,139,W,M,21,E,D,,,,,,,X,,X,,,,N,,N,,,108
C0-051372,2020/06/08 00:00:00+00,2235,W,M,54,E,G,,,,,,,,,X,,X,,N,,N,Y,,109
C0-051083,2020/06/08 00:00:00+00,230,W,M,18,E,D,,,,X,,,,,X,,,,Y,Y,Y,Y,,110
C0-051082,2020/06/08 00:00:00+00,230,W,M,18,E,D,,,,X,,,,,X,,,,Y,N,Y,Y,,111
C0-048868,2020/06/02 00:00:00+00,15,,,0,E,D,,,,,,,X,,,,,,N,,N,N,,112
C0-048868,2020/06/02 00:00:00+00,15,,,0,,D,,,,,,,X,,,,,,N,,N,,,113
C0-048548,2020/05/31 00:00:00+00,2245,W,M,41,E,G,,,,X,,,,,X,,,,Y,Y,N,N,,114
C0-048548,2020/06/01 00:00:00+00,0,W,M,0,E,G,,,,,,,,,,,,,N,,,,,115
C0-048548,2020/05/31 00:00:00+00,2300,W,M,0,E,G,,,,,,,,,,,,,N,N,N,N,,116
C0-048548,2020/05/31 00:00:00+00,2000,,,0,E,G,,,,,,,,,,,,,Y,N,N,N,,117
C0-048548,2020/05/31 00:00:00+00,2045,B,M,28,D,C,,,,X,,,,,,,,,N,,,,,118
C0-048548,2020/05/31 00:00:00+00,2045,,,0,E,G,,,,,,,,,,,,,Y,Y,Y,N,,119
C0-048548,2020/05/31 00:00:00+00,2145,,,0,E,D,,,,,,,X,,,,,,N,,N,N,,120
C0-048548,2020/05/31 00:00:00+00,2330,B,M,0,E,G,,,,,,,,,,,,,N,,N,N,,121
C0-091284,2020/09/30 00:00:00+00,1936,W,F,14,F,G,,,,,,,,,X,,X,,N,,Y,Y,,122
C0-048548,2020/05/31 00:00:00+00,2045,B,M,28,E,G,,,,,,,,,,,,,N,,N,N,,123
C0-048548,2020/05/31 00:00:00+00,2030,,,0,E,G,,,,,,,,,,,,,Y,N,N,N,,124
C0-048548,2020/05/31 00:00:00+00,2145,,M,0,E,G,,,,,,,,,,,,,N,,Y,N,,125
C0-048548,2020/05/31 00:00:00+00,2045,,,0,F,D,,,,,,,X,,,,,,,,,,,126
C0-048548,2020/05/31 00:00:00+00,2000,U,,0,F,G,,,,X,,,X,,,,,,Y,N,,,,127
C0-048548,2020/05/31 00:00:00+00,2330,B,M,0,E,G,,,,,,,,,,,,,N,,N,N,,128
C0-048235,2020/05/31 00:00:00+00,100,,,0,E,D,,,,,,,X,,,,,,N,,N,N,,129
C0-048235,2020/05/31 00:00:00+00,430,W,M,0,C,D,,,,,,,X,,,,,,N,,,,,130
C0-048235,2020/05/30 00:00:00+00,2359,,,0,E,G,,,,,,,X,,,,,,N,,N,N,,131
C0-048235,2020/05/30 00:00:00+00,2200,,,0,E,G,,,,,,,,,,,,,Y,Y,Y,N,,132
C0-048235,2020/05/30 00:00:00+00,445,,,0,E,D,,,,,,,X,,,,,,N,,N,N,,133
C0-048235,2020/05/30 00:00:00+00,2300,U,M,0,E,G,,,,,,,,,,,,,N,,,N,,134
C0-048235,2020/05/30 00:00:00+00,2030,,,0,E,G,,,,,,,X,,,,,,Y,N,Y,N,,135
C0-048235,2020/05/30 00:00:00+00,2330,,,0,E,D,,,,,,,X,,,,,,Y,,,,,136
C0-048235,2020/05/31 00:00:00+00,305,W,M,0,B,D,,,,,,,X,,,,,,N,N,N,N,,137
C0-048235,2020/05/30 00:00:00+00,2359,,,0,E,G,,,,,,,,,,,,,N,,Y,N,,138
C0-048235,2020/05/30 00:00:00+00,1945,U,,0,F,G,,,,,,,X,,,,,,,,,,,139
C0-048235,2020/05/31 00:00:00+00,224,,,0,E,G,,,,,,,,,,,,,N,,N,N,,140
C0-048235,2020/05/31 00:00:00+00,1,,M,0,E,G,,,,,,,,,,,,,Y,N,N,N,,141
C0-047924,2020/05/30 00:00:00+00,518,W,M,0,E,G,,,,,,,,,,,X,,N,,,N,,142
C0-047908,2020/05/30 00:00:00+00,400,B,M,0,B,D,,,,,,,X,,,,,,N,,N,N,,143
C0-047908,2020/05/30 00:00:00+00,400,W,M,0,B,D,,,,,,,X,,,,,,N,,N,N,,144
C0-047908,2020/05/30 00:00:00+00,400,,,0,E,D,,,,,,,X,,,,,,N,,N,N,,145
C0-047908,2020/05/30 00:00:00+00,245,B,M,0,E,D,,,,,,,X,,,,,,N,,N,,,146
C0-047908,2020/05/30 00:00:00+00,230,,,0,F,D,,,,,,,X,,,,,,,,,,,147
C0-047908,2020/05/30 00:00:00+00,240,,,0,E,D,,,,,,,X,,,,,,N,,N,,,148
C0-047908,2020/05/30 00:00:00+00,400,,,0,E,G,,,,,,,X,,,,,,,,,,,149
C0-047908,2020/05/30 00:00:00+00,230,,,0,F,D,,,,,,,X,,,,,,Y,,,,,150
C0-047908,2020/05/30 00:00:00+00,400,,,0,E,G,,,,,,,X,,,,,,Y,Y,N,N,,151
C1-093554,2021/10/04 00:00:00+00,2140,W,M,37,E,D,,,,X,,,,,,,,,N,,Y,Y,,152
C0-047908,2020/05/30 00:00:00+00,225,,,0,E,G,,,,,,,X,,,,,,Y,N,N,N,,153
C1-092899,2021/10/02 00:00:00+00,25,W,M,35,D,G,,,,,,X,,,,,X,,N,,Y,Y,,154
C1-091617,2021/09/28 00:00:00+00,2046,B,M,28,D,G,,,,X,,,,,X,,X,,Y,Y,Y,Y,,155
C1-090602,2021/09/25 00:00:00+00,2348,B,M,27,D,G,,,,,,,,,X,,X,,N,,N,Y,,156
C1-088868,2021/09/21 00:00:00+00,351,B,M,61,F,C,,,,,,,,,X,,,,Y,Y,N,Y,,157
C1-088318,2021/09/19 00:00:00+00,1316,H,M,53,E,C,,,,X,,,,,X,,,,Y,N,Y,Y,,158
C1-088064,2021/09/18 00:00:00+00,1900,W,F,36,E,C,,,,X,,,,,X,,,,N,,Y,Y,,159
C1-085719,2021/09/12 00:00:00+00,112,A,M,21,D,C,,,,X,,,,,X,,,,Y,N,N,N,,160
C1-085604,2021/09/11 00:00:00+00,2040,A,M,34,D,C,,,,X,,,,,,,,,N,,Y,N,,161
C1-085604,2021/09/11 00:00:00+00,2040,A,M,34,D,C,,,,X,,,,,X,,,,N,,Y,N,,162
C1-082083,2021/09/01 00:00:00+00,241,,,0,,Z,,,,,,,,X,,,,,N,,,,,163
C1-080721,2021/08/29 00:00:00+00,45,B,F,16,E,C,,,,X,,,,,X,,,,Y,N,N,Y,,164
C1-080721,2021/08/29 00:00:00+00,45,B,F,16,E,C,,,,X,,,,,X,,,,Y,N,N,Y,,165
C1-080721,2021/08/29 00:00:00+00,45,B,F,16,E,C,,,,X,,,,,X,,,,Y,N,N,Y,,166
C1-080395,2021/08/28 00:00:00+00,106,B,M,48,E,C,,,,X,,,,,X,,,,Y,,Y,Y,,167
C1-080383,2021/08/28 00:00:00+00,3,B,M,27,E,G,,,,X,,,,,X,,X,,Y,N,Y,Y,,168
C1-080383,2021/08/28 00:00:00+00,3,B,M,27,E,D,,,,X,,,,,X,,,,Y,N,Y,Y,,169
C1-078931,2021/08/24 00:00:00+00,53,W,F,56,F,G,,,,,,,,,X,,X,,N,,N,Y,,170
C1-078477,2021/08/22 00:00:00+00,1807,W,M,56,D,C,,,,X,,,,,,,,,Y,N,Y,Y,,171
C1-078477,2021/08/22 00:00:00+00,1807,W,M,56,D,C,,,,X,,,,,X,,,,Y,N,Y,Y,,172
C1-078115,2021/08/21 00:00:00+00,1857,W,M,11,D,C,,,,X,,,,,X,,,,N,,Y,N,,173
C1-077748,2021/08/20 00:00:00+00,1429,W,M,18,E,G,,,,,,,,,X,,X,,N,,Y,Y,,174
C1-076608,2021/08/17 00:00:00+00,306,H,M,27,E,G,,,,X,,,,,X,,X,,N,,Y,Y,,175
C1-076549,2021/08/16 00:00:00+00,2359,B,M,43,D,G,,,,X,,,,,X,,,,N,,Y,Y,,176
C1-076394,2021/08/16 00:00:00+00,1325,W,F,43,E,C,,,,X,,,,,,,,,Y,N,N,,,177
C1-075967,2021/08/15 00:00:00+00,236,W,M,30,E,D,,,X,X,,,,,X,,,,N,,Y,Y,,178
C1-075622,2021/08/14 00:00:00+00,335,B,M,47,D,G,,,,,,,,,X,,X,,N,,Y,Y,,179
C1-074832,2021/08/11 00:00:00+00,2049,W,M,45,D,C,,,,X,,,,,,,,,N,,Y,Y,,180
C1-073003,2021/08/06 00:00:00+00,1200,W,M,34,E,D,,,,X,,,,,X,,,,Y,N,Y,N,,181
C1-071436,2021/08/01 00:00:00+00,2243,H,M,28,E,C,,,,X,,,,,,,,,Y,N,Y,Y,,182
C1-070766,2021/07/30 00:00:00+00,2335,W,M,28,D,C,,,,X,,,,,X,,,,N,N,Y,N,,183
C0-046428,2020/05/28 00:00:00+00,309,B,M,21,D,C,,,,X,,,,,X,,,,N,,Y,N,,184
C0-091015,2020/09/29 00:00:00+00,2339,,F,0,,Z,,,,,,,,X,,,,,N,,Y,,,185
C1-068448,2021/07/24 00:00:00+00,250,B,M,27,D,C,,,,X,,,,,X,,,,N,,N,N,,186
C1-068448,2021/07/24 00:00:00+00,250,B,M,27,D,C,,,,X,,,,,X,,,,N,,N,N,,187
C1-068448,2021/07/24 00:00:00+00,250,B,M,27,D,C,,,,X,,,,,X,,,,N,,N,N,,188
C1-067022,2021/07/20 00:00:00+00,937,,,0,,Z,,,,,,,,X,,,,,,,,,,189
C1-066884,2021/07/19 00:00:00+00,2054,H,F,39,D,D,,,,X,,,,,X,,,,Y,N,Y,Y,,190
C1-066822,2021/07/19 00:00:00+00,1715,W,M,35,D,D,,,,X,,,,,,,,,N,,N,N,,191
C1-065318,2021/07/15 00:00:00+00,440,B,M,30,E,G,,,,X,,,,,X,,X,,Y,Y,Y,Y,,192
C1-064921,2021/07/14 00:00:00+00,27,W,M,24,D,C,,,,X,,,,,X,,,,N,,Y,N,,193
C1-064576,2021/07/13 00:00:00+00,559,W,F,17,D,D,,,,X,,,,,X,,,,N,,Y,Y,,194
C0-090512,2020/10/02 00:00:00+00,1748,H,M,32,D,D,,,,X,,,,,X,,,,Y,N,Y,,,195
C0-045726,2020/05/24 00:00:00+00,521,B,M,23,E,G,,,,X,,,,,X,,X,,Y,N,Y,Y,,196
C1-064576,2021/07/13 00:00:00+00,559,W,F,17,D,D,,,,X,,,,,X,,,,N,,Y,Y,,197
C0-045467,2020/05/23 00:00:00+00,1952,W,F,40,C,D,,,,X,,,,,X,,,,N,N,N,Y,,198
C0-090080,2020/09/27 00:00:00+00,204,H,F,22,E,C,,,,X,,,,,X,,,,Y,N,Y,Y,,199
C1-064310,2021/07/12 00:00:00+00,1333,W,F,28,D,C,,,,X,,,,,X,,,,Y,N,N,Y,,200
C0-044803,2020/05/21 00:00:00+00,2325,W,M,69,D,C,,,,X,,,,,X,,,,N,,Y,Y,,201
C0-089768,2020/09/26 00:00:00+00,324,B,M,23,D,G,,,,X,,,,,X,,X,,N,,Y,Y,,202
C1-064247,2021/07/12 00:00:00+00,0,H,M,23,E,G,,,,X,,,,,X,,X,,Y,N,Y,Y,,203
C0-044406,2020/05/20 00:00:00+00,2014,W,M,26,E,C,,,,X,,,,,X,,,,Y,Y,Y,Y,,204
C0-088170,2020/09/21 00:00:00+00,1545,W,M,54,E,G,,,,,,,,,X,,X,,Y,Y,Y,Y,,205
C1-062411,2021/07/07 00:00:00+00,20,B,F,26,D,C,,,,X,,,,,X,,,,N,N,Y,N,,206
C0-044406,2020/05/20 00:00:00+00,2014,W,M,26,E,G,,,,X,,,,,X,,X,,Y,Y,Y,Y,,207
C0-087420,2020/11/17 00:00:00+00,1747,B,M,25,D,G,,,,X,,,,,X,,X,,N,,Y,Y,,208
C1-061462,2021/07/04 00:00:00+00,1909,H,M,23,E,C,,,,X,,,,,X,,,,N,,Y,Y,,209
C0-044028,2020/05/19 00:00:00+00,1952,W,M,57,E,D,,,,X,,,,,X,,,,N,,Y,N,,210
C0-085404,2020/09/13 00:00:00+00,1430,W,M,12,D,C,,,,X,,,,,X,,,,Y,Y,Y,,,211
C1-061255,2021/07/04 00:00:00+00,156,B,M,37,E,D,,,,,,,X,,,,,,N,,Y,N,,212
C0-043582,2020/05/18 00:00:00+00,1450,W,M,25,E,C,,,,X,,,,,X,,,,Y,N,Y,N,,213
C0-085404,2020/09/13 00:00:00+00,1430,W,M,12,E,C,,,,X,,,,,X,,,,Y,N,Y,,,214
C1-061122,2021/07/03 00:00:00+00,2033,W,F,31,D,C,,,,X,,,,,X,,,,Y,N,Y,Y,,215
C0-043582,2020/05/18 00:00:00+00,1450,W,M,25,E,C,,,,X,,,,,X,,,,Y,N,Y,N,,216
C0-042307,2020/05/14 00:00:00+00,2045,W,M,30,E,C,,,,X,,,,,X,,,,Y,N,Y,Y,,217
C0-041816,2020/05/13 00:00:00+00,1315,W,M,55,E,D,,,,X,,,,,X,,,,Y,N,Y,N,,218
C0-041814,2020/05/13 00:00:00+00,1310,W,M,47,C,C,,,,X,,,,,X,,,,N,,Y,N,,219
C0-040894,2020/05/10 00:00:00+00,1801,W,M,38,D,D,,,,X,,,,,X,,,,N,,Y,Y,,220
C0-039969,2020/05/07 00:00:00+00,0,W,M,47,D,C,,,,X,,,,,,,,,N,,Y,Y,,221
C0-039165,2020/05/05 00:00:00+00,455,W,M,18,D,D,,,,X,,,,,X,,,,Y,N,N,N,,222
C0-039010,2020/05/04 00:00:00+00,1723,W,M,22,E,D,,,,X,,,,,X,,,,,,N,,,223
C0-038644,2020/05/03 00:00:00+00,1705,W,M,42,D,C,,,,X,,,,,X,,,,N,,N,N,,224
C0-038512,2020/05/03 00:00:00+00,633,,,0,,Z,,,,,,,,X,,,,,N,,,,,225
C0-038240,2020/05/02 00:00:00+00,1047,B,M,27,D,C,,,,X,,,,,X,,,,N,,Y,N,,226
C0-038051,2020/05/01 00:00:00+00,2003,W,M,26,E,G,,,,X,,,,,X,,X,,N,N,N,Y,,227
C0-038051,2020/05/01 00:00:00+00,2003,W,M,26,D,G,,,,X,,,,,,,X,,N,N,N,Y,,228
C0-038051,2020/05/01 00:00:00+00,2003,W,M,26,D,C,,,,X,,,,,,,,,N,,N,Y,,229
C0-038032,2020/05/01 00:00:00+00,1955,W,M,18,E,C,,,X,X,,,,,X,,,,N,,Y,N,,230
C0-037279,2020/04/29 00:00:00+00,1843,W,M,29,D,C,,,,X,,,,,X,,,,Y,N,N,Y,,231
C0-037034,2020/04/28 00:00:00+00,2115,H,M,33,E,D,,,,X,,,,,X,,,,Y,N,Y,Y,,232
C0-036292,2020/04/26 00:00:00+00,1952,B,M,25,E,C,,,,X,,,,,X,,,,Y,Y,Y,Y,,233
C0-035299,2020/04/23 00:00:00+00,0,W,M,60,C,C,,,,X,,,,,X,,,,N,,Y,N,,234
C0-034751,2020/04/22 00:00:00+00,103,W,F,29,D,C,,,,X,,,,,X,,,,N,,N,,,235
C0-033468,2020/04/17 00:00:00+00,2150,W,M,58,D,C,,,,X,,,,,X,,,,N,,Y,N,,236
C0-033468,2020/04/17 00:00:00+00,2150,W,M,58,D,C,,,,X,,,,,X,,,,N,,Y,N,,237
C0-033468,2020/04/17 00:00:00+00,2150,W,M,58,D,C,,,,X,,,,,,,,,N,,Y,N,,238
C0-033394,2020/04/17 00:00:00+00,1851,B,M,17,D,C,,,,X,,,,,X,,,,Y,N,Y,Y,,239
C0-032908,2020/04/15 00:00:00+00,2118,I,M,39,E,C,,,,X,,,,,X,,,,Y,N,Y,Y,,240
C0-032908,2020/04/15 00:00:00+00,2118,I,M,39,E,C,,,,X,,,,,X,,,,Y,N,Y,Y,,241
C0-032100,2020/04/12 00:00:00+00,2343,B,M,32,D,C,,,,X,,,,,X,,,,Y,N,N,N,,242
C0-032100,2020/04/12 00:00:00+00,2343,B,M,32,D,C,,,,X,,,,,,,,,Y,N,N,N,,243
C0-030700,2020/04/08 00:00:00+00,1437,H,M,26,E,C,,,,X,,,,,X,,,,Y,Y,N,N,,244
C0-030352,2020/04/07 00:00:00+00,1619,W,M,32,D,C,,,,X,,,,,X,,,,Y,N,Y,N,,245
C0-030352,2020/04/07 00:00:00+00,1619,W,M,32,D,C,,,,X,,,,,X,,,,Y,N,Y,N,,246
C0-030207,2020/04/07 00:00:00+00,420,H,M,20,D,D,,,,X,,,,,X,,,,Y,Y,N,N,,247
C0-030207,2020/04/07 00:00:00+00,420,H,M,20,D,D,,,,X,,,,,X,,,,Y,N,N,N,,248
C0-030201,2020/04/07 00:00:00+00,247,W,M,26,D,C,,,,X,,X,,,X,,,,N,,N,Y,,249
C0-028421,2020/04/01 00:00:00+00,439,W,M,45,D,C,,,,,,,X,,,,,X,N,,Y,Y,,250
C0-028421,2020/04/01 00:00:00+00,510,W,M,45,D,G,,,,,,,X,,X,,,X,N,,Y,Y,,251
C0-028336,2020/03/31 00:00:00+00,1945,W,F,16,D,C,,,,X,,,,,X,,,,N,,Y,Y,,252
C0-027456,2020/03/29 00:00:00+00,215,W,M,51,E,D,,,,X,,,,,X,,,,Y,N,N,N,,253
C0-027240,2020/03/28 00:00:00+00,1107,B,M,27,D,C,,,,X,,,,,X,,,,N,,Y,Y,,254
C0-027240,2020/03/28 00:00:00+00,1107,B,M,27,,C,,,,X,,,,,X,,,,N,,Y,Y,,255
C0-027171,2020/03/28 00:00:00+00,205,B,F,26,E,G,,,,,,,,,X,,X,,N,Y,N,Y,,256
C1-058247,2021/06/26 00:00:00+00,1820,B,F,27,E,D,,,,X,,,,,X,,,,Y,N,N,,,257
C1-056849,2021/06/22 00:00:00+00,1951,B,M,38,D,C,,,,X,,,,,X,,,,Y,N,N,N,,258
C1-061122,2021/07/03 00:00:00+00,2033,W,F,31,D,C,,,,X,,,,,,,,,Y,N,Y,Y,,259
C1-054830,2021/06/16 00:00:00+00,2201,H,M,33,C,G,,,,,,,,,X,,,,N,,N,N,,260
C1-060923,2021/07/03 00:00:00+00,558,B,M,21,D,G,,,,X,,,,,,,,X,Y,N,Y,Y,,261
C1-054518,2021/06/16 00:00:00+00,24,B,M,30,D,C,,,,X,,,,,X,,,,N,,Y,N,,262
C1-060914,2021/07/03 00:00:00+00,206,W,M,24,E,D,,,,X,,,X,,,,,,N,,Y,N,,263
C1-053307,2021/06/12 00:00:00+00,1930,W,M,46,E,C,,,,X,,,,,X,,,,Y,N,N,,,264
C1-053307,2021/06/12 00:00:00+00,1930,W,M,46,E,C,,,,X,,,,,X,,,,Y,N,N,,,265
C1-053288,2021/06/12 00:00:00+00,1458,W,M,39,D,C,,,,X,,,,,X,,,,N,,Y,N,,266
C1-052997,2021/06/11 00:00:00+00,1845,B,F,28,E,C,,,,X,,,,,X,,,,Y,N,N,N,,267
C1-052757,2021/06/11 00:00:00+00,405,B,F,22,E,C,,,,X,,,,,X,,,,Y,N,N,Y,,268
C1-052683,2021/06/10 00:00:00+00,2320,W,M,40,A,B,,,,,,,,,X,,,,N,N,Y,N,,269
C1-052306,2021/06/09 00:00:00+00,2140,B,M,46,E,D,,,X,X,,,,,,,,,N,,Y,N,,270
C1-052306,2021/06/09 00:00:00+00,2140,B,M,46,E,D,,,X,X,,,,,,,,,N,,Y,N,,271
C1-052306,2021/06/09 00:00:00+00,2140,B,M,46,E,C,,,X,X,,,,,,,,,N,,Y,N,,272
C1-051925,2021/06/09 00:00:00+00,1945,W,F,31,D,C,,,,X,,,,,,,,,N,,Y,Y,,273
C0-085055,2020/09/12 00:00:00+00,1740,W,M,21,D,C,,,,X,,,,,X,,,,N,,Y,Y,,274
C0-082645,2020/09/05 00:00:00+00,333,W,M,20,E,C,,,X,X,,,,,X,,,,Y,N,N,,,275
C1-051606,2021/06/07 00:00:00+00,2215,,,0,,Z,,,,,,,,X,,,,,,,,,,276
C1-050684,2021/06/05 00:00:00+00,355,W,M,51,E,G,,,,X,,,,,X,,X,,N,,Y,Y,,277
C1-050303,2021/06/04 00:00:00+00,502,W,M,29,D,C,,,,X,,,,,X,,,,N,,N,N,,278
C1-049954,2021/06/03 00:00:00+00,350,W,F,26,D,C,,,,X,,,,,X,,,,N,N,N,N,,279
C1-049495,2021/06/01 00:00:00+00,2110,W,M,26,D,D,,,,X,,,,,X,,,,N,,Y,N,,280
C1-049495,2021/06/01 00:00:00+00,2110,W,F,49,C,C,,,,,,,,,X,,,,N,,Y,N,,281
C1-049335,2021/06/01 00:00:00+00,1230,H,M,17,D,B,,,,X,,,,,,,,,N,,Y,Y,,282
C1-048141,2021/05/28 00:00:00+00,1922,W,M,34,D,C,,,,X,,,,,X,,,,N,,Y,N,,283
C1-047150,2021/05/25 00:00:00+00,2140,H,M,21,E,D,,,,X,,,,,X,,,,Y,N,Y,Y,,284
C1-043901,2021/05/17 00:00:00+00,316,,,0,,Z,,,,,,,,X,,,,,,,,,,285
C0-082609,2020/09/05 00:00:00+00,125,H,M,21,E,G,,,,,,,,,,,X,,Y,Y,N,Y,,286
C1-043001,2021/05/14 00:00:00+00,1156,W,M,34,E,G,,,,,,,,,,,X,,Y,N,Y,Y,,287
C0-082538,2020/09/04 00:00:00+00,2202,H,M,19,D,D,,,,X,,,,,X,,,,N,,Y,Y,,288
C1-043001,2021/05/14 00:00:00+00,1249,W,M,34,E,C,,,X,X,,,,,X,,,,Y,N,N,Y,,289
C0-082183,2020/09/04 00:00:00+00,130,W,F,17,E,C,,,,X,,,,,X,,,,Y,N,Y,N,,290
C1-042899,2021/05/14 00:00:00+00,610,,,0,,Z,,,,,,,,X,,,,,,,,,,291
C0-081578,2020/09/02 00:00:00+00,1226,W,M,28,E,G,,,,,,,,,X,,X,,N,,Y,Y,,292
C1-042104,2021/05/11 00:00:00+00,2015,W,M,25,E,G,,,,X,,,,,X,,X,,Y,Y,Y,Y,,293
C0-081022,2020/08/31 00:00:00+00,2142,W,F,24,D,C,,,,,,,,,X,,,,N,,Y,Y,,294
C1-040827,2021/05/07 00:00:00+00,2326,H,M,22,D,D,,,,X,,,X,,X,,,,Y,N,N,N,,295
C0-080393,2020/08/30 00:00:00+00,147,B,M,26,E,C,,,,X,,,,,X,,,,Y,Y,N,,,296
C1-039423,2021/05/04 00:00:00+00,517,B,M,39,D,C,,,,X,,,,,X,,,,Y,N,Y,Y,,297
C0-080206,2020/08/29 00:00:00+00,1646,W,M,19,D,C,,,,X,,,,,X,,,,Y,Y,N,N,,298
C1-039423,2021/05/04 00:00:00+00,957,B,M,39,D,B,,,,,,,,,X,,,,N,,Y,N,,299
C0-079947,2020/08/28 00:00:00+00,2330,B,M,28,D,D,,,X,X,,,,,X,,,,N,,Y,Y,,300
C1-039423,2021/05/04 00:00:00+00,517,B,M,39,D,C,,,,X,,,,,X,,,,Y,N,Y,Y,,301
C0-079031,2020/08/26 00:00:00+00,1150,H,M,17,F,H,,,,,,,,X,,,,,Y,Y,N,Y,,302
C1-039368,2021/05/03 00:00:00+00,2232,H,M,15,D,B,,,,,,,,,X,,,,N,,Y,N,,303
C0-079006,2020/08/26 00:00:00+00,912,W,M,34,D,G,,,,,,,,,X,,X,,N,,Y,Y,,304
C1-039332,2021/05/03 00:00:00+00,2016,W,M,25,D,C,,,,X,,,,,X,,,,N,,Y,N,,305
C1-038925,2021/05/02 00:00:00+00,1659,B,M,30,E,G,,,,X,,,,,X,,X,,Y,Y,N,Y,,306
C1-038659,2021/05/01 00:00:00+00,2200,,,0,,Z,,,,,,,,X,,,,,N,,,,,307
C1-037995,2021/04/30 00:00:00+00,24,B,M,28,E,C,,,X,X,,,,,X,,,,Y,N,Y,Y,,308
C1-037995,2021/04/30 00:00:00+00,24,B,M,28,E,D,,,X,X,,,,,X,,,,Y,N,Y,Y,,309
C1-037995,2021/04/30 00:00:00+00,24,B,M,28,E,G,,,,X,,,,,X,,X,,Y,N,Y,Y,,310
C1-037995,2021/04/30 00:00:00+00,24,B,M,28,F,C,,,,X,,,,,X,,,,Y,N,Y,Y,,311
C1-037995,2021/04/30 00:00:00+00,24,B,M,28,E,C,,,,X,,,,,X,,,,Y,N,Y,N,,312
C1-036942,2021/04/27 00:00:00+00,317,W,M,30,D,D,,,,X,,,,,X,,,,N,,Y,N,,313
C1-035495,2021/04/23 00:00:00+00,207,W,M,21,E,D,,,,,,,X,,X,,,,N,,N,N,,314
C1-035495,2021/04/23 00:00:00+00,207,W,M,22,E,D,,,,,,,X,,X,,,,N,,N,N,,315
C1-034638,2021/04/20 00:00:00+00,1630,W,M,26,D,C,,,,X,,,,,X,,,,N,,Y,Y,,316
C1-034259,2021/04/19 00:00:00+00,1335,B,M,16,D,D,,,,X,,,,,,,,,Y,N,N,N,,317
C1-033694,2021/04/17 00:00:00+00,1939,W,M,16,E,D,,,,X,,,,,X,,,,Y,N,Y,N,,318
C1-031921,2021/04/12 00:00:00+00,1035,W,M,40,D,C,,,,X,,,,,X,,,,Y,N,Y,Y,,319
C1-031921,2021/04/12 00:00:00+00,1035,W,M,40,D,C,,,,X,,,,,X,,,,Y,N,Y,Y,,320
C1-031793,2021/04/11 00:00:00+00,2049,,,0,,Z,,,,,,,,X,,,,,N,,,,,321
C0-077621,2020/08/22 00:00:00+00,2032,W,M,38,E,D,,,X,X,,,,,X,,,,Y,N,N,N,,322
C0-075530,2020/08/16 00:00:00+00,2345,W,M,62,D,G,,,,,,,,,X,,,X,N,,Y,Y,,323
C0-075148,2020/08/15 00:00:00+00,2155,B,F,33,E,D,,,,X,,,X,,X,,,,Y,Y,N,Y,,324
C0-073021,2020/08/09 00:00:00+00,2259,B,M,24,D,C,,,,X,,,,,X,,,,Y,N,N,N,,325
C0-071588,2020/08/05 00:00:00+00,2127,,,0,,Z,,,,,,,,X,,,,,N,,,,,326
C0-069869,2020/07/31 00:00:00+00,2351,A,M,16,D,C,,,,X,,,,,X,,,,Y,N,N,N,,327
C0-068868,2020/07/28 00:00:00+00,2255,I,M,40,E,G,,,,,,,,,X,,X,,N,Y,Y,Y,,328
C0-068868,2020/07/28 00:00:00+00,2255,I,M,40,E,C,,,,X,,,,,X,,,,N,Y,Y,Y,,329
C0-067525,2020/07/24 00:00:00+00,2241,W,M,27,C,C,,,,X,,,,,X,,,,N,,Y,Y,,330
C0-067516,2020/07/24 00:00:00+00,2228,,,0,,Z,,,,,,,,X,,,,,N,,Y,N,,331
C0-067253,2020/07/24 00:00:00+00,155,W,M,22,E,C,,,,X,,,,,X,,,,N,,Y,N,,332
C0-067253,2020/07/24 00:00:00+00,155,W,M,22,E,C,,,,X,,,,,X,,,,N,,Y,N,,333
C0-065698,2020/07/19 00:00:00+00,1633,B,M,31,E,C,,,,X,,,,,X,,,,Y,Y,Y,N,,334
C0-065698,2020/07/19 00:00:00+00,1633,B,M,31,E,C,,,,X,,,,,X,,,,Y,N,Y,N,,335
C0-065324,2020/07/18 00:00:00+00,1630,U,F,38,E,C,,,,X,,,,,X,,,,N,,Y,N,,336
C0-065237,2020/07/18 00:00:00+00,1222,W,M,30,D,C,,,,X,,,,,X,,,,N,,Y,N,,337
C0-065237,2020/07/18 00:00:00+00,1222,W,M,30,D,C,,,,X,,,,,X,,,,N,,Y,N,,338
C0-064597,2020/07/16 00:00:00+00,1605,W,F,27,D,C,,,,X,,,,,X,,,,N,,Y,N,,339
C0-064505,2020/07/16 00:00:00+00,815,,,0,,Z,,,,,,,,X,,,,,N,,Y,,,340
C0-064404,2020/07/15 00:00:00+00,2149,,,0,,Z,,,,,,,,X,,,,,N,,,,,341
C0-063439,2020/07/13 00:00:00+00,535,,,0,E,G,,,,,,,,,,,X,,N,,,,,342
C0-063439,2020/07/13 00:00:00+00,535,,,0,E,G,,,,,,,,,,,X,,N,,,,,343
C0-063148,2020/07/12 00:00:00+00,130,W,F,17,D,C,,,,X,,,,,X,,,,N,,Y,N,,344
C0-063069,2020/07/11 00:00:00+00,2001,W,M,34,D,C,,,,X,,,,,X,,,,Y,N,N,N,,345
C0-062000,2020/07/08 00:00:00+00,2355,H,M,21,E,C,,,X,X,,,,,X,,,,Y,N,Y,Y,,346
C0-062000,2020/07/08 00:00:00+00,2355,H,M,21,E,C,,,X,X,,,,,X,,,,Y,N,Y,Y,,347
C0-059970,2020/07/03 00:00:00+00,1410,W,M,54,D,C,,,,X,,,,,,,,,N,,Y,N,,348
C0-057501,2020/06/27 00:00:00+00,204,W,M,25,E,G,,,,,,,,,X,,X,,N,,Y,Y,,349
C0-056844,2020/06/25 00:00:00+00,1301,W,M,27,E,G,,,,,,,,,X,,X,,N,,N,Y,,350
C2-006335,2021/01/24 00:00:00+00,1940,H,M,20,D,D,,,,X,,,,,X,,,,,,N,N,,351
C1007347,2021/09/21 00:00:00+00,1500,B,M,20,D,C,,,,X,,,,,X,,,,Y,N,Y,Y,,352
C1006544,2021/08/23 00:00:00+00,1109,B,M,39,F,G,,,,X,,,,,X,,X,X,Y,Y,Y,Y,,353
C1004920,2021/06/28 00:00:00+00,1131,B,M,26,F,G,,,,X,,,,,X,,X,,Y,N,Y,Y,,354
C1004568,2021/06/16 00:00:00+00,715,H,M,31,D,G,,,,X,,,,,,,X,,N,,Y,Y,,355
C1001310,2021/02/20 00:00:00+00,930,W,M,26,F,H,,,,,,,,X,,,,,Y,Y,Y,,,356
C1-120676,2021/12/27 00:00:00+00,325,B,F,22,E,G,,,X,X,,,,,X,,X,,Y,N,Y,Y,,357
C1-119690,2021/12/23 00:00:00+00,129,W,M,37,D,A,,,,,,,,,X,,,,N,,Y,Y,,358
C1-119402,2021/12/22 00:00:00+00,0,W,M,30,C,C,,,,X,,,,,X,,,,N,,Y,Y,,359
C1-118699,2021/12/19 00:00:00+00,1839,W,M,36,E,D,,,,X,,,,,X,,,,N,N,N,N,,360
C1-115517,2021/12/09 00:00:00+00,248,B,M,39,E,G,,,,X,,,,,,,X,,Y,N,Y,Y,,361
C1-115517,2021/12/09 00:00:00+00,248,B,M,39,E,D,,,,X,,,,,X,,,,Y,N,Y,Y,,362
C1-114322,2021/12/05 00:00:00+00,56,W,M,13,D,D,,,,X,,,,,X,,,,N,,N,N,,363
C1-113711,2021/12/03 00:00:00+00,149,W,M,35,D,G,,,,X,,,,,X,,X,,N,,N,Y,,364
C1-113711,2021/12/03 00:00:00+00,149,W,M,35,D,D,,,,X,,,,,X,,,,N,,N,Y,,365
C1-113249,2021/12/01 00:00:00+00,1921,,,0,,Z,,,,,,,,X,,,,,,,,,,366
C1-113025,2021/12/01 00:00:00+00,440,I,F,0,E,C,,,,X,,,,,X,,,,Y,N,Y,N,,367
C1-112078,2021/11/28 00:00:00+00,107,B,F,21,D,C,,,,X,,,,,,,,,N,,Y,N,,368
C1-111760,2021/11/26 00:00:00+00,2140,W,M,65,D,C,,,,X,,,,,X,,,,Y,N,N,N,,369
C1-111760,2021/11/26 00:00:00+00,2140,W,M,65,D,C,,,X,X,,,,,X,,,,Y,N,N,N,,370
C1-111710,2021/11/26 00:00:00+00,2207,B,M,29,E,D,,,,X,,X,,,X,,,,Y,Y,N,N,,371
C1-111565,2021/11/26 00:00:00+00,1302,B,M,27,E,C,,,X,X,,,,,X,,,,Y,N,Y,Y,,372
C1-111565,2021/11/26 00:00:00+00,1302,B,M,27,E,C,,,X,X,,,,,X,,,,Y,N,Y,Y,,373
C1-111565,2021/11/26 00:00:00+00,1302,B,M,27,E,C,,,X,X,,,,,X,,,,Y,N,Y,Y,,374
C1-111114,2021/11/24 00:00:00+00,1443,H,M,27,F,D,,,,X,,,,,,,,,Y,N,Y,Y,,375
C1-110546,2021/11/22 00:00:00+00,1817,,,0,,Z,,,,,,,,X,,,,,Y,Y,,,,376
C1-109768,2021/11/20 00:00:00+00,100,,,0,,Z,,,,,,,,X,,,,,N,,,,,377
C1-108445,2021/11/16 00:00:00+00,245,W,M,24,E,G,,,,X,,,,,,,X,,N,,Y,Y,,378
C1-108433,2021/11/16 00:00:00+00,25,W,M,36,E,C,,,,X,,,,,X,,,,Y,N,N,N,,379
C1-107733,2021/11/13 00:00:00+00,1723,W,M,29,E,G,,,,,,,,,X,,X,,N,,Y,Y,,380
C1-107733,2021/11/13 00:00:00+00,1723,W,M,29,E,G,,,,,,,,,X,,X,,N,,Y,Y,,381
C1-107304,2021/11/12 00:00:00+00,1145,W,M,32,D,D,,,,X,,,,,X,,,,N,,N,N,,382
C1-107304,2021/11/12 00:00:00+00,1145,W,M,32,D,D,,,,X,,,,,X,,,,N,,N,N,,383
C1-105212,2021/11/06 00:00:00+00,302,W,M,34,D,D,,,,X,,,,,X,,,,N,N,Y,N,,384
C1-103704,2021/11/01 00:00:00+00,1830,B,M,33,D,D,,,,X,,,,,X,,,,N,,N,N,,385
C1-103461,2021/10/31 00:00:00+00,2257,W,M,35,E,G,,,,,,,,,,,X,,N,,N,Y,,386
C1-102106,2021/10/28 00:00:00+00,303,B,F,17,E,C,,,,X,,,,,,,,,N,,Y,N,,387
C1-101185,2021/10/25 00:00:00+00,0,W,M,19,D,C,,,,X,,,,,X,,,,Y,N,Y,N,,388
C1-099453,2021/10/20 00:00:00+00,40,B,M,22,D,C,,,,X,,,,,X,,,,N,,Y,Y,,389
C1-098535,2021/10/17 00:00:00+00,1309,B,F,24,D,C,,,,X,,,,,X,,,,Y,N,Y,N,,390
C1-098406,2021/10/17 00:00:00+00,15,B,M,30,D,C,,,,X,,,,,X,,,,Y,N,N,N,,391
C1-098406,2021/10/17 00:00:00+00,15,B,M,30,D,C,,,,X,,,,,X,,,,Y,N,N,N,,392
C1-098204,2021/10/16 00:00:00+00,1301,U,F,24,D,D,,,X,X,,,,,X,,,,N,,N,N,,393
C1-096777,2021/10/12 00:00:00+00,947,W,M,14,E,C,,,,X,,,,,,,,,Y,Y,N,N,,394
C1-095154,2021/10/07 00:00:00+00,2245,B,M,51,E,G,,,,,,,,,X,,X,,Y,N,N,Y,,395
C1-095010,2021/10/07 00:00:00+00,1556,B,M,33,D,D,,,,X,,,,,X,,,,N,,Y,Y,,396
C1-094802,2021/10/06 00:00:00+00,2322,W,M,40,E,G,,,,X,,,,,X,,X,,N,,Y,Y,,397
C1-093835,2021/10/04 00:00:00+00,1737,B,M,22,D,G,,,,,,,,,X,,X,,N,,N,Y,,398
C1-093573,2021/10/03 00:00:00+00,2154,H,M,16,E,G,,,,,,,,,,,X,,Y,N,Y,Y,,399
C1-093554,2021/10/03 00:00:00+00,2140,W,M,37,E,G,,,,X,,,,,X,,X,,N,,Y,Y,,400
C1-030431,2021/04/07 00:00:00+00,2030,W,M,24,D,D,,,,X,,,,,X,,,,N,,Y,N,,401
C1-030095,2021/04/06 00:00:00+00,2025,W,M,37,E,D,,,,X,,,,,X,,,,Y,N,N,N,,402
C1-030027,2021/04/06 00:00:00+00,1715,W,M,40,E,G,,,,,,,,,X,,X,,N,N,Y,Y,,403
C1-030027,2021/04/06 00:00:00+00,1651,W,M,40,E,G,,,,,,,,,X,,X,,N,,Y,Y,,404
C1-029204,2021/04/04 00:00:00+00,845,W,M,48,D,C,,,,X,,,,,X,,,,Y,N,N,N,,405
C1-028846,2021/04/03 00:00:00+00,0,W,M,41,D,C,,,,X,,,,,X,,,,N,,N,Y,,406
C1-028663,2021/04/02 00:00:00+00,1827,B,M,30,D,D,,,,X,,,,,X,,,,Y,Y,N,N,,407
C1-028414,2021/04/01 00:00:00+00,2206,H,F,16,D,D,,,,X,,,,,X,,,,Y,N,N,N,,408
C1-027656,2021/03/30 00:00:00+00,1025,W,M,17,E,C,,,,X,,,,,X,,,,Y,N,Y,N,,409
C1-027179,2021/03/28 00:00:00+00,2140,W,M,27,D,D,,,,X,,,,,X,,,,Y,N,Y,Y,,410
C1-025995,2021/03/25 00:00:00+00,58,W,F,47,D,D,,,,X,,,,,X,,,,Y,N,N,N,,411
C1-025995,2021/03/25 00:00:00+00,58,W,F,47,D,D,,,,X,,,,,X,,,,Y,N,N,N,,412
C1-025665,2021/03/23 00:00:00+00,1800,B,M,26,D,C,,,,X,,,,,X,,,,Y,N,Y,N,,413
C1-024826,2021/03/21 00:00:00+00,215,W,M,26,C,G,,,,,,,,,X,,,,N,,N,N,,414
C1-022075,2021/03/12 00:00:00+00,1320,B,M,28,E,D,,,,X,,,,,X,,,,N,,N,N,,415
C1-020959,2021/03/08 00:00:00+00,2330,W,M,35,E,C,,,X,,,,,,X,,,,N,,N,N,,416
C1-020781,2021/03/08 00:00:00+00,1327,W,F,46,D,D,,,,X,,,,,X,,,,N,,Y,Y,,417
C1-020781,2021/03/08 00:00:00+00,1327,W,F,46,D,D,,,,X,,,,,X,,,,N,,Y,Y,,418
C1-017882,2021/02/27 00:00:00+00,1700,W,M,33,E,D,,,,X,,,,,X,,,,Y,N,N,N,,419
C1-017307,2021/02/25 00:00:00+00,1942,,,0,,Z,,,,,,,,X,,,,,,,,,,420
C1-015185,2021/02/18 00:00:00+00,2250,B,M,25,D,C,,,,X,,,,,X,,,,Y,N,N,N,,421
C1-013083,2021/02/11 00:00:00+00,1300,W,F,14,D,C,,,,X,,,,,X,,,,N,,Y,N,,422
C1-012926,2021/02/10 00:00:00+00,2136,A,M,27,F,G,,,,,,,,,,,X,,Y,N,N,Y,,423
C1-010816,2021/02/04 00:00:00+00,1935,W,M,29,E,G,,,,X,,,,,X,,X,,N,,Y,N,,424
C1-010816,2021/02/04 00:00:00+00,1930,W,M,29,E,C,,,,X,,,,,X,,,,N,,Y,N,,425
C1-009280,2021/01/30 00:00:00+00,2051,H,F,40,F,G,,,,,,,,,,,X,,N,,N,Y,,426
C1-007196,2021/01/25 00:00:00+00,1758,W,M,41,B,B,,,,,,,,,X,,,,N,,N,Y,,427
C1-006930,2021/01/24 00:00:00+00,1910,B,M,38,E,G,,,,,,,,,X,,X,,Y,N,N,Y,,428
C1-006734,2021/01/24 00:00:00+00,50,B,M,23,E,D,,,,,,,X,,X,,,,N,,N,N,,429
C1-006041,2021/01/21 00:00:00+00,2015,W,M,71,E,C,,,,X,,,,,X,,,,N,,Y,Y,,430
C1-005566,2021/01/20 00:00:00+00,1230,B,F,23,D,D,,,,X,,,,,X,,,,N,,N,N,,431
C1-004879,2021/01/17 00:00:00+00,2250,W,M,28,E,C,,,,X,,,,,X,,,,Y,N,N,,,432
C1-004388,2021/01/16 00:00:00+00,900,A,M,44,E,G,,,,X,,,,,X,,X,,N,,N,Y,,433
C1-004388,2021/01/16 00:00:00+00,900,A,M,44,E,D,,,,,,,X,,,,,,N,,N,Y,,434
C1-004388,2021/01/16 00:00:00+00,900,A,M,44,E,D,,,,,,,X,,,,,,N,,N,Y,,435
C1-003393,2021/01/25 00:00:00+00,0,W,M,45,D,C,,,,X,,,,,X,,,,Y,N,N,,,436
C1-003157,2021/01/11 00:00:00+00,2022,B,M,40,E,D,,,,X,,,X,,,,,,Y,N,N,N,,437
C1-001713,2021/01/06 00:00:00+00,2157,B,M,17,D,C,,,,X,,,,,X,,,,Y,N,Y,N,,438
C1-001713,2021/01/06 00:00:00+00,2157,B,M,17,D,C,,,,X,,,,,X,,,,Y,N,Y,N,,439
C1-001713,2021/01/06 00:00:00+00,2157,B,M,17,D,C,,,,X,,,,,X,,,,Y,N,Y,N,,440
C1-001636,2021/01/06 00:00:00+00,2047,W,M,34,D,G,,,,,,,,,X,,,,N,,Y,N,,441
C0006139,2021/02/16 00:00:00+00,1610,W,F,23,D,C,,,,X,,,,,X,,,,N,,Y,N,,442
C0-111413,2021/02/28 00:00:00+00,332,W,M,38,D,C,,,,X,,,,,X,,,,Y,N,Y,Y,,443
 ,,,,,,,,,,,,,,,,,,,,,,,,,444
